timestamp,Open,High,Low,Close,Volume,datetime
1.64E+12,62405.07,62410.72,62405.07,62410.55,0.47611,03-11-2021 16:13:08
1.64E+12,62410.71,62410.73,62405.08,62410.73,0.49997,03-11-2021 16:13:09
1.64E+12,62411.39,62416.49,62411.38,62414.1,0.18559,03-11-2021 16:13:10
1.64E+12,62414.11,62451.81,62414.11,62431.77,19.94663,03-11-2021 16:13:11
1.64E+12,62431.78,62441.56,62418.84,62418.85,1.91706,03-11-2021 16:13:12
1.64E+12,62418.85,62425.1,62418.84,62422.11,0.72598,03-11-2021 16:13:13
1.64E+12,62422.11,62422.12,62418.88,62422.1,0.83244,03-11-2021 16:13:14
1.64E+12,62426.41,62426.41,62411.63,62411.63,0.24409,03-11-2021 16:13:15
1.64E+12,62411.64,62460.99,62411.64,62437.32,6.63687,03-11-2021 16:13:16
1.64E+12,62437.31,62437.32,62426.88,62434.19,1.3483,03-11-2021 16:13:17
1.64E+12,62434.2,62448.33,62434.19,62448.33,1.00688,03-11-2021 16:13:18
1.64E+12,62440.85,62484.46,62440.85,62455.01,3.49551,03-11-2021 16:13:19
1.64E+12,62455.01,62459.78,62455,62459.78,0.71933,03-11-2021 16:13:20
1.64E+12,62455,62455.21,62455,62455.21,0.22258,03-11-2021 16:13:21
1.64E+12,62455.21,62459.73,62454.98,62456.57,0.17278,03-11-2021 16:13:22
1.64E+12,62456.57,62467.15,62456.57,62462.85,0.46919,03-11-2021 16:13:23
1.64E+12,62462.84,62462.85,62462.84,62462.84,0.10462,03-11-2021 16:13:24
1.64E+12,62462.85,62462.85,62462.84,62462.84,0.09914,03-11-2021 16:13:25
1.64E+12,62462.84,62462.84,62462.84,62462.84,0.15694,03-11-2021 16:13:26
1.64E+12,62462.85,62462.85,62462.84,62462.85,0.02479,03-11-2021 16:13:27
1.64E+12,62462.84,62473.12,62462.84,62463.81,1.26422,03-11-2021 16:13:28
1.64E+12,62463.76,62471.62,62460,62465.38,0.71666,03-11-2021 16:13:29
1.64E+12,62471.62,62471.62,62465.38,62471.62,0.37256,03-11-2021 16:13:30
1.64E+12,62471.63,62484.42,62471.63,62484.41,1.39614,03-11-2021 16:13:31
1.64E+12,62484.41,62485.1,62471.63,62471.67,3.86746,03-11-2021 16:13:32
1.64E+12,62483.49,62483.49,62480.78,62480.79,0.31903,03-11-2021 16:13:33
1.64E+12,62480.79,62484.35,62478.01,62478.01,0.16955,03-11-2021 16:13:34
1.64E+12,62476.79,62478,62473.33,62476.96,0.1322,03-11-2021 16:13:35
1.64E+12,62473.33,62498,62473.33,62497.99,2.75989,03-11-2021 16:13:36
1.64E+12,62497.99,62497.99,62481.28,62487.91,0.39912,03-11-2021 16:13:37
1.64E+12,62487.92,62487.92,62467.37,62467.37,0.91652,03-11-2021 16:13:38
1.64E+12,62467.36,62470.64,62460.34,62467.42,0.50373,03-11-2021 16:13:39
1.64E+12,62467.42,62486.87,62465.98,62473.34,2.92426,03-11-2021 16:13:40
1.64E+12,62473.34,62494.29,62473.33,62490,3.43964,03-11-2021 16:13:41
1.64E+12,62490,62490.01,62476.1,62476.1,0.70746,03-11-2021 16:13:42
1.64E+12,62476.1,62489.09,62476.1,62481.15,0.16645,03-11-2021 16:13:43
1.64E+12,62481.15,62486.95,62474.67,62474.67,1.32656,03-11-2021 16:13:44
1.64E+12,62474.68,62494.85,62474.68,62475.89,2.21901,03-11-2021 16:13:45
1.64E+12,62475.89,62475.89,62472.01,62475.38,0.0932,03-11-2021 16:13:46
1.64E+12,62475.38,62475.39,62475.37,62475.39,0.10131,03-11-2021 16:13:47
1.64E+12,62477.04,62565.23,62477.04,62523.79,68.22023,03-11-2021 16:13:48
1.64E+12,62523.79,62523.79,62500.01,62500.01,1.60905,03-11-2021 16:13:49
1.64E+12,62500.01,62510.05,62500.01,62503.18,0.66257,03-11-2021 16:13:50
1.64E+12,62503.19,62503.19,62470.63,62476.53,12.12247,03-11-2021 16:13:51
1.64E+12,62476.53,62476.54,62470.64,62476.21,0.9518,03-11-2021 16:13:52
1.64E+12,62476.21,62479.5,62470.66,62473.64,0.72188,03-11-2021 16:13:53
1.64E+12,62473.64,62495.39,62473.64,62487.82,0.49856,03-11-2021 16:13:54
1.64E+12,62487.82,62517.39,62487.81,62511,0.85026,03-11-2021 16:13:55
1.64E+12,62510.92,62510.92,62495.01,62499.01,1.05862,03-11-2021 16:13:56
1.64E+12,62499.01,62504.92,62495,62495,1.01204,03-11-2021 16:13:57
1.64E+12,62495,62495.01,62495,62495.01,0.05527,03-11-2021 16:13:58
1.64E+12,62495.01,62499.81,62492.08,62499.81,0.15217,03-11-2021 16:13:59
1.64E+12,62499.8,62499.8,62493.57,62496.26,0.35071,03-11-2021 16:14:00
1.64E+12,62493.55,62500.1,62493.55,62500.1,0.06647,03-11-2021 16:14:01
1.64E+12,62493.83,62499.55,62493.83,62499.55,0.4622,03-11-2021 16:14:02
1.64E+12,62499.55,62502.65,62499.55,62502.64,0.3708,03-11-2021 16:14:03
1.64E+12,62502.64,62502.65,62499,62499,0.10532,03-11-2021 16:14:04
1.64E+12,62499.01,62499.01,62487,62487,0.58105,03-11-2021 16:14:05
1.64E+12,62487,62487.05,62481.22,62487.05,3.79648,03-11-2021 16:14:06
1.64E+12,62487.04,62487.05,62470.73,62470.73,1.50682,03-11-2021 16:14:07
1.64E+12,62470.72,62470.73,62470.63,62470.64,0.2966,03-11-2021 16:14:08
1.64E+12,62470.64,62470.64,62463.86,62464.37,0.60879,03-11-2021 16:14:09
1.64E+12,62463.86,62464.39,62462.93,62462.93,1.37442,03-11-2021 16:14:10
1.64E+12,62462.93,62464.39,62462.93,62464.38,0.18203,03-11-2021 16:14:11
1.64E+12,62465.58,62466.78,62463.05,62463.05,0.082,03-11-2021 16:14:12
1.64E+12,62463.05,62463.05,62462.93,62462.93,0.01887,03-11-2021 16:14:13
1.64E+12,62462.93,62462.94,62462.93,62462.93,0.30738,03-11-2021 16:14:14
1.64E+12,62462.82,62462.82,62434.55,62436.94,2.5906,03-11-2021 16:14:15
1.64E+12,62444.7,62444.7,62435.07,62435.07,0.84359,03-11-2021 16:14:16
1.64E+12,62435.08,62435.08,62422.11,62422.84,0.58411,03-11-2021 16:14:17
1.64E+12,62422.83,62428.86,62420.97,62420.98,0.49242,03-11-2021 16:14:18
1.64E+12,62420.46,62420.46,62420.03,62420.03,0.38257,03-11-2021 16:14:19
1.64E+12,62420.03,62425.44,62420.02,62425.44,0.46089,03-11-2021 16:14:20
1.64E+12,62425.43,62425.44,62422.81,62422.82,0.12552,03-11-2021 16:14:21
1.64E+12,62422.82,62426,62422.81,62426,0.08253,03-11-2021 16:14:22
1.64E+12,62425.99,62425.99,62420.02,62420.03,0.02172,03-11-2021 16:14:23
1.64E+12,62420.03,62420.03,62420.02,62420.03,0.03975,03-11-2021 16:14:24
1.64E+12,62420.03,62420.03,62420.02,62420.03,0.08584,03-11-2021 16:14:25
1.64E+12,62420.02,62420.03,62420.02,62420.02,0.02608,03-11-2021 16:14:26
1.64E+12,62420.03,62420.03,62420.02,62420.02,0.27576,03-11-2021 16:14:27
1.64E+12,62420.03,62420.03,62420.02,62420.03,0.05897,03-11-2021 16:14:28
1.64E+12,62420.03,62420.03,62420.02,62420.03,0.46493,03-11-2021 16:14:29
1.64E+12,62420.02,62422.81,62420.02,62422.8,0.28749,03-11-2021 16:14:30
1.64E+12,62422.8,62424.07,62422.8,62424.07,0.03417,03-11-2021 16:14:31
1.64E+12,62424.06,62448.97,62424.06,62440.64,8.77387,03-11-2021 16:14:32
1.64E+12,62440.64,62440.65,62432.25,62432.25,0.25836,03-11-2021 16:14:33
1.64E+12,62432.25,62432.25,62431.41,62431.41,0.01309,03-11-2021 16:14:34
1.64E+12,62431.24,62431.24,62431.23,62431.24,0.31482,03-11-2021 16:14:35
1.64E+12,62431.24,62431.24,62431.24,62431.24,0.22201,03-11-2021 16:14:36
1.64E+12,62431.23,62439.19,62431.23,62439.19,0.13938,03-11-2021 16:14:37
1.64E+12,62439.43,62439.43,62433.37,62434.82,0.14998,03-11-2021 16:14:38
1.64E+12,62431.23,62431.24,62431.23,62431.23,0.03596,03-11-2021 16:14:39
1.64E+12,62431.23,62431.23,62422.54,62422.55,0.66236,03-11-2021 16:14:40
1.64E+12,62422.55,62430,62422.54,62430,0.04828,03-11-2021 16:14:41
1.64E+12,62430,62442.38,62430,62442.37,1.58557,03-11-2021 16:14:42
1.64E+12,62442.38,62442.38,62442.37,62442.37,0.28142,03-11-2021 16:14:43
1.64E+12,62442.37,62442.37,62442.37,62442.37,1.45852,03-11-2021 16:14:44
1.64E+12,62440.65,62440.65,62439.19,62439.19,0.62083,03-11-2021 16:14:45
1.64E+12,62439.19,62439.2,62439.19,62439.2,0.12307,03-11-2021 16:14:46
1.64E+12,62439.2,62456.58,62439.19,62439.19,2.14998,03-11-2021 16:14:47
1.64E+12,62441.37,62441.37,62439.19,62439.19,0.12706,03-11-2021 16:14:48
1.64E+12,62439.19,62439.19,62426.89,62426.89,1.06283,03-11-2021 16:14:49
1.64E+12,62426.88,62426.89,62424.81,62424.82,0.05563,03-11-2021 16:14:50
1.64E+12,62424.82,62424.82,62422.81,62424.82,0.54961,03-11-2021 16:14:51
1.64E+12,62426.9,62426.91,62426.9,62426.91,0.11236,03-11-2021 16:14:52
1.64E+12,62426.91,62434.78,62426.91,62432.72,0.32633,03-11-2021 16:14:53
1.64E+12,62435.61,62445,62435.61,62444.99,2.07907,03-11-2021 16:14:54
1.64E+12,62445,62445,62444.99,62444.99,0.07852,03-11-2021 16:14:55
1.64E+12,62444.99,62445,62441.87,62444.62,0.15414,03-11-2021 16:14:56
1.64E+12,62440.99,62444.99,62440.98,62444.99,0.0085,03-11-2021 16:14:57
1.64E+12,62444.98,62444.98,62444.98,62444.98,0.00299,03-11-2021 16:14:58
1.64E+12,62444.99,62473.79,62444.99,62465.26,1.64566,03-11-2021 16:14:59
1.64E+12,62465.26,62467.49,62463.89,62466.03,0.25428,03-11-2021 16:15:00
1.64E+12,62466.03,62466.04,62460.68,62460.69,1.42799,03-11-2021 16:15:01
1.64E+12,62460.69,62460.69,62460.69,62460.69,0.00321,03-11-2021 16:15:02
1.64E+12,62460.69,62460.69,62460.68,62460.68,0.20983,03-11-2021 16:15:03
1.64E+12,62460.68,62460.68,62451,62453.25,0.36795,03-11-2021 16:15:04
1.64E+12,62453.25,62453.26,62440.06,62445.02,0.57678,03-11-2021 16:15:05
1.64E+12,62445.01,62445.02,62431.16,62439.2,0.70934,03-11-2021 16:15:06
1.64E+12,62439.21,62439.21,62439.2,62439.2,0.32594,03-11-2021 16:15:07
1.64E+12,62439.21,62439.64,62439.2,62439.2,1.17946,03-11-2021 16:15:08
1.64E+12,62439.2,62439.21,62439.2,62439.2,0.21266,03-11-2021 16:15:09
1.64E+12,62439.2,62439.21,62429.06,62429.06,0.63493,03-11-2021 16:15:10
1.64E+12,62429.09,62433.72,62429.08,62433.72,0.16962,03-11-2021 16:15:11
1.64E+12,62429.09,62429.13,62419.32,62423.77,2.18276,03-11-2021 16:15:12
1.64E+12,62423.78,62429.13,62423.77,62429.12,0.44556,03-11-2021 16:15:13
1.64E+12,62429.13,62429.13,62429.08,62429.09,0.0407,03-11-2021 16:15:14
1.64E+12,62429.08,62429.09,62429.08,62429.09,0.12703,03-11-2021 16:15:15
1.64E+12,62427.92,62435.34,62420.91,62435.34,1.25008,03-11-2021 16:15:16
1.64E+12,62426.03,62426.03,62419.37,62419.37,0.59448,03-11-2021 16:15:17
1.64E+12,62423.88,62423.88,62419.36,62419.39,0.03617,03-11-2021 16:15:18
1.64E+12,62419.37,62422.99,62413.96,62422.99,0.57391,03-11-2021 16:15:19
1.64E+12,62422.99,62423,62415.57,62415.57,1.18339,03-11-2021 16:15:20
1.64E+12,62420.75,62420.75,62420.26,62420.27,0.01602,03-11-2021 16:15:21
1.64E+12,62420.74,62424,62420.73,62423.99,0.05685,03-11-2021 16:15:22
1.64E+12,62424,62451,62423.99,62430.24,10.57815,03-11-2021 16:15:23
1.64E+12,62434.3,62439.3,62434.29,62439.29,0.14177,03-11-2021 16:15:24
1.64E+12,62439.3,62439.3,62428.53,62428.53,0.16065,03-11-2021 16:15:25
1.64E+12,62428.53,62432.04,62428.53,62432.04,0.14036,03-11-2021 16:15:26
1.64E+12,62430.55,62430.55,62430.54,62430.54,0.13013,03-11-2021 16:15:27
1.64E+12,62430.55,62458.88,62430.54,62434.75,7.95668,03-11-2021 16:15:28
1.64E+12,62434.75,62442.38,62434.75,62434.75,0.73944,03-11-2021 16:15:29
1.64E+12,62439.82,62439.82,62434.83,62434.85,0.1734,03-11-2021 16:15:30
1.64E+12,62437.97,62437.97,62434.85,62434.85,0.36833,03-11-2021 16:15:31
1.64E+12,62434.85,62441.11,62434.85,62437.98,0.08032,03-11-2021 16:15:32
1.64E+12,62443.34,62443.34,62434.76,62435.08,2.23184,03-11-2021 16:15:33
1.64E+12,62435.08,62458.48,62435.08,62440.89,3.06346,03-11-2021 16:15:34
1.64E+12,62440.89,62440.9,62440.89,62440.89,0.31809,03-11-2021 16:15:35
1.64E+12,62440.9,62440.9,62440.89,62440.9,0.12934,03-11-2021 16:15:36
1.64E+12,62440.89,62440.9,62440.89,62440.9,0.08774,03-11-2021 16:15:37
1.64E+12,62440.9,62440.9,62440.89,62440.9,0.12441,03-11-2021 16:15:38
1.64E+12,62440.89,62440.9,62440.89,62440.9,0.01824,03-11-2021 16:15:39
1.64E+12,62440.9,62440.9,62440.89,62440.9,0.06185,03-11-2021 16:15:40
1.64E+12,62440.9,62440.9,62440.89,62440.9,0.04463,03-11-2021 16:15:41
1.64E+12,62440.9,62452.83,62440.01,62451.14,0.98142,03-11-2021 16:15:42
1.64E+12,62451.14,62451.14,62445.65,62445.65,0.04727,03-11-2021 16:15:43
1.64E+12,62445.65,62445.65,62445.64,62445.65,0.08109,03-11-2021 16:15:44
1.64E+12,62445.64,62445.64,62445,62445,0.01148,03-11-2021 16:15:45
1.64E+12,62445.01,62447.46,62444.96,62444.96,0.22563,03-11-2021 16:15:46
1.64E+12,62444.96,62444.96,62444.96,62444.96,0.0116,03-11-2021 16:15:47
1.64E+12,62444.97,62451.15,62437,62442.47,0.8639,03-11-2021 16:15:48
1.64E+12,62443.72,62443.72,62436.01,62436.01,0.25242,03-11-2021 16:15:49
1.64E+12,62436.01,62445.51,62436.01,62445.51,1.54263,03-11-2021 16:15:50
1.64E+12,62445.52,62445.52,62438.14,62438.14,0.47292,03-11-2021 16:15:51
1.64E+12,62438.14,62438.14,62425.01,62426.45,0.57954,03-11-2021 16:15:52
1.64E+12,62426.44,62431.24,62426.44,62428.15,0.43939,03-11-2021 16:15:53
1.64E+12,62428.14,62428.15,62421.22,62421.22,0.36224,03-11-2021 16:15:54
1.64E+12,62421.23,62421.23,62421,62421,0.05609,03-11-2021 16:15:55
1.64E+12,62421.01,62421.01,62421,62421,0.09038,03-11-2021 16:15:56
1.64E+12,62421,62431.13,62420.01,62425.12,1.62624,03-11-2021 16:15:57
1.64E+12,62428.34,62428.34,62422.09,62428.33,0.49322,03-11-2021 16:15:58
1.64E+12,62428.34,62428.34,62423.12,62423.13,0.76043,03-11-2021 16:15:59
1.64E+12,62423.13,62423.13,62421.01,62421.01,0.13685,03-11-2021 16:16:00
1.64E+12,62421,62421.01,62421,62421,0.02034,03-11-2021 16:16:01
1.64E+12,62421,62421.01,62421,62421,0.09949,03-11-2021 16:16:02
1.64E+12,62421.01,62433,62421.01,62423.01,0.6281,03-11-2021 16:16:03
1.64E+12,62423.01,62423.02,62423.01,62423.02,0.0813,03-11-2021 16:16:04
1.64E+12,62423.02,62423.02,62423.01,62423.01,0.02738,03-11-2021 16:16:05
1.64E+12,62423.02,62423.02,62423.01,62423.01,0.02371,03-11-2021 16:16:06
1.64E+12,62423.02,62431.91,62423.02,62426.32,0.68697,03-11-2021 16:16:07
1.64E+12,62426.32,62426.32,62426.31,62426.31,0.10648,03-11-2021 16:16:08
1.64E+12,62426.31,62426.31,62423.02,62423.03,0.01741,03-11-2021 16:16:09
1.64E+12,62423.03,62423.03,62423.02,62423.02,0.04978,03-11-2021 16:16:10
1.64E+12,62423.02,62430.31,62423.02,62423.07,0.44451,03-11-2021 16:16:11
1.64E+12,62423.07,62428.98,62423.07,62428.98,0.25675,03-11-2021 16:16:12
1.64E+12,62428.97,62428.97,62428.93,62428.93,0.00259,03-11-2021 16:16:13
1.64E+12,62428.93,62428.94,62425,62425,0.46672,03-11-2021 16:16:14
1.64E+12,62425,62425,62423.07,62423.97,0.11881,03-11-2021 16:16:15
1.64E+12,62423.96,62423.97,62423.96,62423.97,0.01062,03-11-2021 16:16:16
1.64E+12,62423.97,62423.97,62423.96,62423.97,0.05743,03-11-2021 16:16:17
1.64E+12,62423.96,62429.02,62423.96,62426.56,1.29892,03-11-2021 16:16:18
1.64E+12,62426.63,62426.63,62423.96,62423.96,0.1499,03-11-2021 16:16:19
1.64E+12,62423.97,62426.63,62423.97,62425.08,0.16777,03-11-2021 16:16:20
1.64E+12,62425.09,62425.09,62425.09,62425.09,0.03192,03-11-2021 16:16:21
1.64E+12,62425.09,62429.57,62425.08,62429.35,0.23282,03-11-2021 16:16:22
1.64E+12,62429.34,62436,62426.96,62431.12,0.33507,03-11-2021 16:16:23
1.64E+12,62427.69,62427.69,62425.13,62427.68,0.03088,03-11-2021 16:16:24
1.64E+12,62427.69,62427.7,62427.68,62427.69,0.26902,03-11-2021 16:16:25
1.64E+12,62427.69,62428.14,62427.69,62428.14,0.09784,03-11-2021 16:16:26
1.64E+12,62428.13,62428.14,62428.13,62428.13,0.05919,03-11-2021 16:16:27
1.64E+12,62428.1,62428.1,62423.1,62423.1,0.3192,03-11-2021 16:16:28
1.64E+12,62423.03,62423.03,62423.02,62423.03,0.26064,03-11-2021 16:16:29
1.64E+12,62423.03,62427.71,62423.03,62427.14,0.06979,03-11-2021 16:16:30
1.64E+12,62427.14,62432,62423.87,62431.98,3.28462,03-11-2021 16:16:31
1.64E+12,62431.98,62431.99,62431.98,62431.98,0.09441,03-11-2021 16:16:32
1.64E+12,62431.99,62431.99,62431.98,62431.98,0.11055,03-11-2021 16:16:33
1.64E+12,62431.98,62436,62431.98,62435.99,0.89615,03-11-2021 16:16:34
1.64E+12,62436,62436,62436,62436,0.00098,03-11-2021 16:16:35
1.64E+12,62436,62436,62435.99,62435.99,0.04574,03-11-2021 16:16:36
1.64E+12,62436,62436,62435.99,62435.99,0.08599,03-11-2021 16:16:37
1.64E+12,62436,62436,62435.99,62436,0.03191,03-11-2021 16:16:38
1.64E+12,62436,62439,62436,62439,0.06029,03-11-2021 16:16:39
1.64E+12,62439,62439,62438.99,62439,0.01159,03-11-2021 16:16:40
1.64E+12,62438.99,62438.99,62438.99,62438.99,0.00032,03-11-2021 16:16:41
1.64E+12,62439,62439,62438.99,62438.99,0.01161,03-11-2021 16:16:42
1.64E+12,62438.99,62439,62434,62434.22,0.61021,03-11-2021 16:16:43
1.64E+12,62434.21,62434.22,62434.21,62434.21,0.0327,03-11-2021 16:16:44
1.64E+12,62434.22,62434.25,62434.22,62434.25,0.01299,03-11-2021 16:16:45
1.64E+12,62434.26,62434.26,62434.25,62434.25,0.00623,03-11-2021 16:16:46
1.64E+12,62434.25,62434.25,62432.54,62432.54,0.00757,03-11-2021 16:16:47
1.64E+12,62436.79,62436.79,62434.26,62434.26,0.19406,03-11-2021 16:16:48
1.64E+12,62434.26,62434.26,62432.06,62432.07,0.18455,03-11-2021 16:16:49
1.64E+12,62432.06,62432.06,62432.06,62432.06,0.02319,03-11-2021 16:16:50
1.64E+12,62432.06,62432.07,62432.06,62432.06,0.16321,03-11-2021 16:16:51
1.64E+12,62432.07,62432.07,62428,62428,0.02949,03-11-2021 16:16:52
1.64E+12,62428,62435.66,62428,62435.65,0.26504,03-11-2021 16:16:53
1.64E+12,62429.93,62429.93,62429.92,62429.92,0.11651,03-11-2021 16:16:54
1.64E+12,62429.93,62435.65,62429.93,62435.65,0.07886,03-11-2021 16:16:55
1.64E+12,62435.28,62435.65,62435.19,62435.19,0.22509,03-11-2021 16:16:56
1.64E+12,62435.2,62435.27,62435.19,62435.26,1.03154,03-11-2021 16:16:57
1.64E+12,62435.27,62435.27,62435.26,62435.27,0.03393,03-11-2021 16:16:58
1.64E+12,62435.26,62435.27,62435.26,62435.27,0.03167,03-11-2021 16:16:59
1.64E+12,62435.26,62435.26,62431.09,62433.63,0.56105,03-11-2021 16:17:00
1.64E+12,62433.62,62433.63,62433.62,62433.63,0.00372,03-11-2021 16:17:01
1.64E+12,62433.62,62433.63,62433.62,62433.63,0.03494,03-11-2021 16:17:02
1.64E+12,62433.63,62433.63,62433.62,62433.62,0.22089,03-11-2021 16:17:03
1.64E+12,62433.62,62433.63,62433.62,62433.63,0.03923,03-11-2021 16:17:04
1.64E+12,62433.62,62433.63,62433.62,62433.62,0.01057,03-11-2021 16:17:05
1.64E+12,62433.63,62433.63,62433.62,62433.62,0.04354,03-11-2021 16:17:06
1.64E+12,62433.62,62434.25,62433.62,62434.25,0.06629,03-11-2021 16:17:07
1.64E+12,62434.25,62434.26,62434.25,62434.25,0.10007,03-11-2021 16:17:08
1.64E+12,62434.26,62434.26,62434.25,62434.25,0.0343,03-11-2021 16:17:09
1.64E+12,62434.25,62434.26,62434.25,62434.25,0.09899,03-11-2021 16:17:10
1.64E+12,62434.26,62438.99,62434.26,62436.57,3.09102,03-11-2021 16:17:11
1.64E+12,62436.57,62438.99,62436.57,62438.99,0.75674,03-11-2021 16:17:12
1.64E+12,62438.99,62438.99,62436,62436.01,0.23148,03-11-2021 16:17:13
1.64E+12,62436.01,62436.01,62436,62436,0.12611,03-11-2021 16:17:14
1.64E+12,62436,62436.01,62436,62436,0.05012,03-11-2021 16:17:15
1.64E+12,62436,62436,62436,62436,0.04034,03-11-2021 16:17:16
1.64E+12,62436.01,62436.01,62436,62436.01,0.30852,03-11-2021 16:17:17
1.64E+12,62436,62437.5,62436,62437.5,0.21303,03-11-2021 16:17:18
1.64E+12,62437.5,62437.51,62437.5,62437.5,0.112,03-11-2021 16:17:19
1.64E+12,62437.5,62437.51,62435.01,62435.01,0.09119,03-11-2021 16:17:20
1.64E+12,62436.01,62439,62436,62439,0.06979,03-11-2021 16:17:21
1.64E+12,62438.99,62439,62438.99,62438.99,0.06018,03-11-2021 16:17:22
1.64E+12,62438.99,62438.99,62435.45,62438.93,0.31223,03-11-2021 16:17:23
1.64E+12,62438.93,62455,62438.92,62455,7.32981,03-11-2021 16:17:24
1.64E+12,62454.99,62463.12,62453.08,62453.09,0.12464,03-11-2021 16:17:25
1.64E+12,62453.08,62453.08,62448.2,62448.21,0.0036,03-11-2021 16:17:26
1.64E+12,62448.2,62448.2,62443.81,62443.82,0.6325,03-11-2021 16:17:27
1.64E+12,62448.2,62448.2,62443.82,62447.07,1.03927,03-11-2021 16:17:28
1.64E+12,62447.07,62447.07,62443,62443,0.87948,03-11-2021 16:17:29
1.64E+12,62443,62444.44,62441.02,62441.02,0.42838,03-11-2021 16:17:30
1.64E+12,62439,62439,62437.5,62437.51,0.69063,03-11-2021 16:17:31
1.64E+12,62439,62462.58,62439,62462.57,1.35847,03-11-2021 16:17:32
1.64E+12,62462.57,62462.57,62459.35,62459.36,0.30322,03-11-2021 16:17:33
1.64E+12,62459.35,62459.36,62459.35,62459.36,0.30419,03-11-2021 16:17:34
1.64E+12,62459.35,62459.36,62459.35,62459.36,0.01491,03-11-2021 16:17:35
1.64E+12,62459.35,62459.36,62459.35,62459.36,0.03017,03-11-2021 16:17:36
1.64E+12,62459.35,62462.5,62459.35,62462.5,0.14579,03-11-2021 16:17:37
1.64E+12,62462.49,62462.5,62462.49,62462.5,0.03365,03-11-2021 16:17:38
1.64E+12,62462.49,62462.5,62462.49,62462.5,0.08095,03-11-2021 16:17:39
1.64E+12,62462.49,62462.5,62462.49,62462.49,0.05588,03-11-2021 16:17:40
1.64E+12,62462.49,62462.5,62459.36,62462.49,0.03031,03-11-2021 16:17:41
1.64E+12,62459.37,62462.42,62459.37,62462.41,0.08764,03-11-2021 16:17:42
1.64E+12,62462.42,62469.19,62458.94,62464.63,1.15288,03-11-2021 16:17:43
1.64E+12,62461.98,62464.39,62461.98,62464.39,0.26541,03-11-2021 16:17:44
1.64E+12,62464.39,62464.39,62459.93,62459.93,0.16723,03-11-2021 16:17:45
1.64E+12,62459.93,62459.93,62459,62459.01,0.0403,03-11-2021 16:17:46
1.64E+12,62459,62461.99,62459,62461.99,0.06189,03-11-2021 16:17:47
1.64E+12,62461.99,62464.4,62461.99,62464.39,0.23415,03-11-2021 16:17:48
1.64E+12,62461.98,62461.98,62461.98,62461.98,0.3064,03-11-2021 16:17:49
1.64E+12,62461.99,62461.99,62461.98,62461.99,0.06871,03-11-2021 16:17:50
1.64E+12,62461.99,62461.99,62461.98,62461.99,0.00607,03-11-2021 16:17:51
1.64E+12,62461.99,62463.18,62461.98,62463.18,0.05363,03-11-2021 16:17:52
1.64E+12,62463.18,62468.01,62463.18,62465.4,0.48475,03-11-2021 16:17:53
1.64E+12,62465.4,62465.41,62461.98,62465.3,0.51097,03-11-2021 16:17:54
1.64E+12,62465.3,62465.31,62464.28,62465.3,0.28348,03-11-2021 16:17:55
1.64E+12,62465.3,62465.31,62461,62461,0.17971,03-11-2021 16:17:56
1.64E+12,62461,62464.96,62461,62464.96,0.18203,03-11-2021 16:17:57
1.64E+12,62464.97,62464.97,62464.96,62464.96,0.13196,03-11-2021 16:17:58
1.64E+12,62464.97,62467.83,62461,62461.01,0.60175,03-11-2021 16:17:59
1.64E+12,62461,62470.6,62460.03,62460.03,1.30153,03-11-2021 16:18:00
1.64E+12,62465.02,62465.03,62460.49,62460.49,0.23678,03-11-2021 16:18:01
1.64E+12,62460.5,62460.5,62460.49,62460.5,0.02236,03-11-2021 16:18:02
1.64E+12,62460.49,62466.74,62460.49,62466.73,0.33781,03-11-2021 16:18:03
1.64E+12,62466.74,62470.61,62460.5,62464.42,2.45191,03-11-2021 16:18:04
1.64E+12,62467.45,62467.46,62465,62465,0.20031,03-11-2021 16:18:05
1.64E+12,62465,62465.01,62462,62462.01,0.23479,03-11-2021 16:18:06
1.64E+12,62462.01,62462.01,62460.03,62460.03,0.31475,03-11-2021 16:18:07
1.64E+12,62460.04,62460.04,62460.03,62460.03,0.28824,03-11-2021 16:18:08
1.64E+12,62460.03,62460.04,62460.03,62460.04,0.02013,03-11-2021 16:18:09
1.64E+12,62460.03,62460.03,62440,62440.01,1.75269,03-11-2021 16:18:10
1.64E+12,62446.31,62446.31,62437.51,62437.52,0.41788,03-11-2021 16:18:11
1.64E+12,62437.51,62437.52,62436,62436.01,0.26761,03-11-2021 16:18:12
1.64E+12,62436,62436,62432,62432.01,0.68579,03-11-2021 16:18:13
1.64E+12,62432.01,62439,62432.01,62439,1.78459,03-11-2021 16:18:14
1.64E+12,62438.99,62442.26,62438.99,62442.25,0.34492,03-11-2021 16:18:15
1.64E+12,62442.25,62442.25,62442.25,62442.25,0.09951,03-11-2021 16:18:16
1.64E+12,62442.25,62442.26,62442.25,62442.26,0.0037,03-11-2021 16:18:17
1.64E+12,62444.64,62447,62444.63,62447,0.09265,03-11-2021 16:18:18
1.64E+12,62446.99,62447,62446.99,62446.99,0.0178,03-11-2021 16:18:19
1.64E+12,62446.99,62446.99,62442.17,62442.18,0.30719,03-11-2021 16:18:20
1.64E+12,62442.17,62442.18,62442.17,62442.17,0.0284,03-11-2021 16:18:21
1.64E+12,62442.17,62442.17,62438.49,62438.5,0.17983,03-11-2021 16:18:22
1.64E+12,62438.5,62438.5,62437.51,62438.49,0.49589,03-11-2021 16:18:23
1.64E+12,62438.49,62442.26,62438.49,62440.8,0.18621,03-11-2021 16:18:24
1.64E+12,62440.8,62440.81,62440.8,62440.81,0.0422,03-11-2021 16:18:25
1.64E+12,62440.8,62440.81,62440.76,62440.77,0.13717,03-11-2021 16:18:26
1.64E+12,62440.76,62440.76,62440.72,62440.72,0.17092,03-11-2021 16:18:27
1.64E+12,62440.72,62442.18,62440.72,62442.18,0.20587,03-11-2021 16:18:28
1.64E+12,62442.17,62442.18,62442.17,62442.18,0.00306,03-11-2021 16:18:29
1.64E+12,62442.17,62442.26,62442.17,62442.25,0.16576,03-11-2021 16:18:30
1.64E+12,62442.25,62442.25,62442.17,62442.17,0.12102,03-11-2021 16:18:31
1.64E+12,62442.18,62442.18,62438.15,62438.16,0.49619,03-11-2021 16:18:32
1.64E+12,62438.15,62442,62438.15,62442,0.18996,03-11-2021 16:18:33
1.64E+12,62438.15,62438.16,62438.15,62438.16,0.00613,03-11-2021 16:18:34
1.64E+12,62439.25,62455.87,62439.25,62455.86,2.62394,03-11-2021 16:18:35
1.64E+12,62455.86,62455.87,62449.99,62450,0.24752,03-11-2021 16:18:36
1.64E+12,62450,62450,62449.96,62449.96,0.02086,03-11-2021 16:18:37
1.64E+12,62449.96,62449.96,62449.95,62449.96,0.48984,03-11-2021 16:18:38
1.64E+12,62447.56,62447.56,62447.55,62447.56,0.17508,03-11-2021 16:18:39
1.64E+12,62447.56,62447.56,62447.55,62447.56,0.06249,03-11-2021 16:18:40
1.64E+12,62447.55,62453.63,62447.55,62453.62,0.52158,03-11-2021 16:18:41
1.64E+12,62453.63,62453.63,62448.38,62449.98,0.10923,03-11-2021 16:18:42
1.64E+12,62448.18,62448.18,62444.48,62444.48,0.40601,03-11-2021 16:18:43
1.64E+12,62444.49,62449.8,62444.48,62446.67,0.13529,03-11-2021 16:18:44
1.64E+12,62446.66,62446.67,62446.66,62446.66,0.10969,03-11-2021 16:18:45
1.64E+12,62445.94,62445.95,62443,62443.01,0.35515,03-11-2021 16:18:46
1.64E+12,62443,62443.01,62442,62442,0.03607,03-11-2021 16:18:47
1.64E+12,62442.01,62447.9,62442,62447.9,0.17375,03-11-2021 16:18:48
1.64E+12,62447.9,62451.57,62447.89,62447.89,1.25662,03-11-2021 16:18:49
1.64E+12,62447.89,62450.69,62447.89,62450.68,0.09556,03-11-2021 16:18:50
1.64E+12,62450.68,62451.57,62447.56,62451.57,0.23638,03-11-2021 16:18:51
1.64E+12,62451.56,62451.57,62451.56,62451.56,0.10415,03-11-2021 16:18:52
1.64E+12,62451.56,62453,62451.56,62452.38,0.13737,03-11-2021 16:18:53
1.64E+12,62452.38,62459.26,62452.38,62459.26,0.29233,03-11-2021 16:18:54
1.64E+12,62459.25,62464.88,62459.25,62464.88,0.23955,03-11-2021 16:18:55
1.64E+12,62464.87,62465.38,62459.74,62459.75,0.00674,03-11-2021 16:18:56
1.64E+12,62465.15,62465.15,62465.14,62465.14,0.00844,03-11-2021 16:18:57
1.64E+12,62465.15,62465.15,62452.38,62452.38,0.80966,03-11-2021 16:18:58
1.64E+12,62452.39,62452.39,62452.38,62452.38,0.00862,03-11-2021 16:18:59
1.64E+12,62452.38,62452.39,62450,62450,0.55296,03-11-2021 16:19:00
1.64E+12,62450.09,62450.1,62450.09,62450.1,0.12049,03-11-2021 16:19:01
1.64E+12,62450.1,62450.1,62450.09,62450.09,0.14151,03-11-2021 16:19:02
1.64E+12,62450.09,62450.1,62450.06,62450.09,0.3841,03-11-2021 16:19:03
1.64E+12,62450.09,62450.1,62450.09,62450.1,0.04347,03-11-2021 16:19:04
1.64E+12,62450.1,62450.1,62450.09,62450.09,0.01827,03-11-2021 16:19:05
1.64E+12,62450.1,62450.1,62450.09,62450.1,0.07734,03-11-2021 16:19:06
1.64E+12,62450.1,62450.1,62449.99,62450,0.38771,03-11-2021 16:19:07
1.64E+12,62450,62450,62437.51,62437.52,1.66111,03-11-2021 16:19:08
1.64E+12,62437.52,62437.52,62435.65,62435.66,0.51505,03-11-2021 16:19:09
1.64E+12,62435.65,62437.52,62435.65,62437.52,0.54144,03-11-2021 16:19:10
1.64E+12,62437.52,62451.45,62437.52,62451.45,0.91096,03-11-2021 16:19:11
1.64E+12,62452.39,62462.42,62450.36,62450.36,0.43629,03-11-2021 16:19:12
1.64E+12,62449.98,62449.99,62437.51,62448,1.62661,03-11-2021 16:19:13
1.64E+12,62448.01,62455.62,62448,62455.62,0.27248,03-11-2021 16:19:14
1.64E+12,62452.37,62452.37,62448.01,62452.37,0.24045,03-11-2021 16:19:15
1.64E+12,62451.08,62451.08,62448.69,62448.7,0.04245,03-11-2021 16:19:16
1.64E+12,62448.7,62448.7,62446.7,62446.71,0.04272,03-11-2021 16:19:17
1.64E+12,62446.06,62452.37,62446.05,62449.58,0.26111,03-11-2021 16:19:18
1.64E+12,62449.58,62449.59,62449.58,62449.58,0.09301,03-11-2021 16:19:19
1.64E+12,62449.52,62449.52,62449.49,62449.5,0.03105,03-11-2021 16:19:20
1.64E+12,62449.49,62449.49,62432.01,62434,1.02974,03-11-2021 16:19:21
1.64E+12,62432,62433.98,62432,62433.98,0.77554,03-11-2021 16:19:22
1.64E+12,62432.01,62433.99,62432,62433.99,0.14773,03-11-2021 16:19:23
1.64E+12,62434,62434,62433.99,62434,0.14437,03-11-2021 16:19:24
1.64E+12,62434,62434,62433.99,62433.99,0.06144,03-11-2021 16:19:25
1.64E+12,62433.99,62434,62433.99,62434,0.0735,03-11-2021 16:19:26
1.64E+12,62434,62443.06,62432,62432,6.96133,03-11-2021 16:19:27
1.64E+12,62432.01,62434.36,62432.01,62433.19,0.18888,03-11-2021 16:19:28
1.64E+12,62433.56,62434.06,62433.56,62434.05,0.12584,03-11-2021 16:19:29
1.64E+12,62434.05,62438.91,62434.05,62435.78,0.14387,03-11-2021 16:19:30
1.64E+12,62435.78,62435.78,62432,62435.77,0.13036,03-11-2021 16:19:31
1.64E+12,62435.77,62435.77,62432,62432.01,0.55029,03-11-2021 16:19:32
1.64E+12,62432.01,62432.01,62432,62432.01,0.07135,03-11-2021 16:19:33
1.64E+12,62432.01,62432.01,62430.02,62430.02,0.61239,03-11-2021 16:19:34
1.64E+12,62430.01,62432.01,62430.01,62432.01,0.0893,03-11-2021 16:19:35
1.64E+12,62432.01,62438.68,62432,62432.04,0.16602,03-11-2021 16:19:36
1.64E+12,62432.04,62432.05,62432.04,62432.04,0.09331,03-11-2021 16:19:37
1.64E+12,62432.04,62432.05,62432.04,62432.05,0.05911,03-11-2021 16:19:38
1.64E+12,62432.05,62438.29,62429.48,62431.89,0.80548,03-11-2021 16:19:39
1.64E+12,62429.47,62437.1,62429.47,62437.1,0.16803,03-11-2021 16:19:40
1.64E+12,62438.14,62446.56,62432.85,62432.85,0.2242,03-11-2021 16:19:41
1.64E+12,62432.86,62432.86,62429.72,62429.72,0.32989,03-11-2021 16:19:42
1.64E+12,62429.72,62429.73,62428,62428.01,0.02111,03-11-2021 16:19:43
1.64E+12,62428.01,62428.01,62428,62428.01,0.22366,03-11-2021 16:19:44
1.64E+12,62427.71,62433.97,62427.7,62427.7,0.42687,03-11-2021 16:19:45
1.64E+12,62427.7,62427.71,62426.45,62426.46,0.39703,03-11-2021 16:19:46
1.64E+12,62426.46,62433.98,62426.46,62433.96,1.11592,03-11-2021 16:19:47
1.64E+12,62433.95,62433.95,62427.72,62427.72,0.07767,03-11-2021 16:19:48
1.64E+12,62427.72,62427.73,62427.72,62427.73,0.09666,03-11-2021 16:19:49
1.64E+12,62427.73,62433.9,62427.73,62433.9,0.23777,03-11-2021 16:19:50
1.64E+12,62433.9,62433.98,62433.9,62433.98,0.30708,03-11-2021 16:19:51
1.64E+12,62433.97,62433.98,62433.97,62433.98,0.03165,03-11-2021 16:19:52
1.64E+12,62433.97,62433.98,62433.97,62433.97,0.32408,03-11-2021 16:19:53
1.64E+12,62433.97,62433.98,62433.97,62433.97,0.13679,03-11-2021 16:19:54
1.64E+12,62433.98,62433.98,62433.97,62433.98,0.11369,03-11-2021 16:19:55
1.64E+12,62433.98,62433.98,62433.97,62433.98,0.14996,03-11-2021 16:19:56
1.64E+12,62433.98,62433.98,62433.98,62433.98,0.00153,03-11-2021 16:19:57
1.64E+12,62433.98,62433.98,62433.97,62433.98,0.01178,03-11-2021 16:19:58
1.64E+12,62433.97,62433.98,62433.97,62433.98,0.02556,03-11-2021 16:19:59
1.64E+12,62433.98,62433.98,62433.97,62433.97,0.10566,03-11-2021 16:20:00
1.64E+12,62433.97,62433.98,62433.97,62433.98,0.10002,03-11-2021 16:20:01
1.64E+12,62433.98,62433.98,62433.97,62433.98,0.0298,03-11-2021 16:20:02
1.64E+12,62433.98,62441.23,62433.97,62441.23,0.82327,03-11-2021 16:20:03
1.64E+12,62441.22,62447.47,62441.22,62447.47,0.25326,03-11-2021 16:20:04
1.64E+12,62447.47,62447.47,62443.61,62443.61,0.13358,03-11-2021 16:20:05
1.64E+12,62443.62,62447.47,62443.61,62447.46,0.01986,03-11-2021 16:20:06
1.64E+12,62447.46,62447.46,62443.61,62443.62,0.01021,03-11-2021 16:20:07
1.64E+12,62443.61,62443.62,62443.61,62443.61,0.04746,03-11-2021 16:20:08
1.64E+12,62443.61,62443.62,62443.61,62443.61,0.20257,03-11-2021 16:20:09
1.64E+12,62443.61,62443.62,62443.61,62443.61,0.08737,03-11-2021 16:20:10
1.64E+12,62443.62,62447.1,62443.61,62443.61,0.81043,03-11-2021 16:20:11
1.64E+12,62443.61,62443.62,62443.61,62443.61,0.07997,03-11-2021 16:20:12
1.64E+12,62443.61,62443.61,62436.1,62436.1,0.21711,03-11-2021 16:20:13
1.64E+12,62436.11,62436.11,62430.23,62431.82,0.62616,03-11-2021 16:20:14
1.64E+12,62435.91,62435.91,62431.81,62432.93,0.02882,03-11-2021 16:20:15
1.64E+12,62432.93,62438.81,62432.93,62437.39,0.44594,03-11-2021 16:20:16
1.64E+12,62434.23,62437.62,62434.23,62437.61,0.36411,03-11-2021 16:20:17
1.64E+12,62437.62,62441.22,62437.62,62441.22,0.23168,03-11-2021 16:20:18
1.64E+12,62441.22,62441.23,62441.22,62441.23,0.0688,03-11-2021 16:20:19
1.64E+12,62441.22,62441.23,62441.22,62441.23,0.13725,03-11-2021 16:20:20
1.64E+12,62441.23,62441.23,62441.22,62441.22,0.02252,03-11-2021 16:20:21
1.64E+12,62441.22,62441.23,62441.22,62441.23,0.13961,03-11-2021 16:20:22
1.64E+12,62441.22,62441.23,62441.22,62441.22,0.32542,03-11-2021 16:20:23
1.64E+12,62441.23,62441.23,62441.22,62441.22,0.11604,03-11-2021 16:20:24
1.64E+12,62441.22,62441.23,62437,62437.87,0.33055,03-11-2021 16:20:25
1.64E+12,62437.88,62441,62437.88,62439.06,0.54451,03-11-2021 16:20:26
1.64E+12,62439.07,62444.82,62439.07,62444.82,0.26701,03-11-2021 16:20:27
1.64E+12,62443.13,62444.62,62437,62437.78,0.36939,03-11-2021 16:20:28
1.64E+12,62437.78,62437.78,62433.98,62433.98,0.52898,03-11-2021 16:20:29
1.64E+12,62433.99,62433.99,62433.98,62433.98,0.0114,03-11-2021 16:20:30
1.64E+12,62433.98,62433.99,62433.98,62433.99,0.13636,03-11-2021 16:20:31
1.64E+12,62433.98,62433.99,62433.98,62433.98,0.04546,03-11-2021 16:20:32
1.64E+12,62433.99,62433.99,62433.98,62433.99,0.1002,03-11-2021 16:20:33
1.64E+12,62433.99,62434,62433.99,62434,0.18002,03-11-2021 16:20:34
1.64E+12,62434,62434,62433.99,62434,0.06991,03-11-2021 16:20:35
1.64E+12,62434,62441.23,62433.99,62439.22,0.92843,03-11-2021 16:20:36
1.64E+12,62434,62438.18,62434,62437.81,0.06958,03-11-2021 16:20:37
1.64E+12,62437.81,62437.81,62433.99,62433.99,0.07066,03-11-2021 16:20:38
1.64E+12,62433.99,62440.06,62433.99,62440.06,0.66774,03-11-2021 16:20:39
1.64E+12,62441.22,62441.22,62434,62439.91,0.36681,03-11-2021 16:20:40
1.64E+12,62439.92,62439.92,62436.56,62437.42,1.01172,03-11-2021 16:20:41
1.64E+12,62437.42,62437.42,62433.99,62433.99,0.06149,03-11-2021 16:20:42
1.64E+12,62433.99,62434,62433.99,62434,0.17972,03-11-2021 16:20:43
1.64E+12,62434,62434.04,62433.99,62434.04,0.28329,03-11-2021 16:20:44
1.64E+12,62434.03,62434.04,62430,62430,0.35993,03-11-2021 16:20:45
1.64E+12,62430,62437.81,62430,62437.81,0.11592,03-11-2021 16:20:46
1.64E+12,62437.81,62439.9,62437.81,62439.27,0.10704,03-11-2021 16:20:47
1.64E+12,62439.27,62445,62439.26,62439.27,0.83203,03-11-2021 16:20:48
1.64E+12,62439.27,62446.8,62439.27,62446.8,0.44968,03-11-2021 16:20:49
1.64E+12,62446.8,62446.8,62446.79,62446.8,0.55724,03-11-2021 16:20:50
1.64E+12,62446.79,62446.79,62443.91,62443.91,0.11313,03-11-2021 16:20:51
1.64E+12,62443.91,62443.91,62437.43,62437.44,0.13913,03-11-2021 16:20:52
1.64E+12,62437.43,62437.43,62437.43,62437.43,0.01219,03-11-2021 16:20:53
1.64E+12,62435.89,62441.22,62435.89,62441.22,0.90916,03-11-2021 16:20:54
1.64E+12,62441.22,62442.26,62441.22,62442.26,0.7373,03-11-2021 16:20:55
1.64E+12,62442.25,62447.89,62442.25,62447.89,0.05508,03-11-2021 16:20:56
1.64E+12,62447.88,62450,62447.88,62449.99,0.08998,03-11-2021 16:20:57
1.64E+12,62450,62450,62449.99,62449.99,0.03695,03-11-2021 16:20:58
1.64E+12,62449.99,62450,62449.99,62450,0.05984,03-11-2021 16:20:59
1.64E+12,62450,62450,62448.74,62449.7,0.06782,03-11-2021 16:21:00
1.64E+12,62447.88,62448.9,62447.88,62448.89,0.07509,03-11-2021 16:21:01
1.64E+12,62448.89,62448.89,62448.11,62448.12,0.78838,03-11-2021 16:21:02
1.64E+12,62448.12,62448.12,62448.11,62448.11,0.09547,03-11-2021 16:21:03
1.64E+12,62448.12,62450,62448.12,62450,0.29343,03-11-2021 16:21:04
1.64E+12,62450,62450,62449.99,62450,0.07316,03-11-2021 16:21:05
1.64E+12,62450,62450,62449.99,62449.99,0.16205,03-11-2021 16:21:06
1.64E+12,62449.99,62449.99,62441,62441.22,0.44829,03-11-2021 16:21:07
1.64E+12,62446.4,62446.71,62446.39,62446.7,0.34464,03-11-2021 16:21:08
1.64E+12,62446.7,62446.7,62446.39,62446.4,0.24729,03-11-2021 16:21:09
1.64E+12,62446.39,62446.4,62441.72,62446.39,0.08255,03-11-2021 16:21:10
1.64E+12,62446.4,62446.4,62441.72,62441.72,0.29259,03-11-2021 16:21:11
1.64E+12,62441.73,62441.73,62437.44,62437.44,0.22537,03-11-2021 16:21:12
1.64E+12,62437.45,62437.45,62437.42,62437.42,0.62877,03-11-2021 16:21:13
1.64E+12,62437.43,62437.43,62431,62437.43,1.11614,03-11-2021 16:21:14
1.64E+12,62437.42,62437.43,62433.14,62436.88,0.09535,03-11-2021 16:21:15
1.64E+12,62434.13,62440.75,62434.13,62437.42,0.5152,03-11-2021 16:21:16
1.64E+12,62437.43,62438.07,62435.68,62435.68,0.19943,03-11-2021 16:21:17
1.64E+12,62435.68,62435.68,62435.68,62435.68,0.01319,03-11-2021 16:21:18
1.64E+12,62435.69,62435.69,62431.45,62431.45,0.38347,03-11-2021 16:21:19
1.64E+12,62431.44,62431.91,62431.44,62431.91,0.06875,03-11-2021 16:21:20
1.64E+12,62431.91,62431.91,62431.91,62431.91,0.00465,03-11-2021 16:21:21
1.64E+12,62431.91,62431.92,62431.91,62431.92,0.03183,03-11-2021 16:21:22
1.64E+12,62431.91,62433.18,62431.91,62433.18,0.10418,03-11-2021 16:21:23
1.64E+12,62434.76,62434.88,62434.76,62434.88,0.12089,03-11-2021 16:21:24
1.64E+12,62434.88,62434.88,62431.92,62431.92,0.13054,03-11-2021 16:21:25
1.64E+12,62431.91,62431.91,62431.45,62431.45,0.02703,03-11-2021 16:21:26
1.64E+12,62431.45,62431.45,62430.19,62430.19,0.11957,03-11-2021 16:21:27
1.64E+12,62430.18,62430.21,62425.8,62428.67,0.61175,03-11-2021 16:21:28
1.64E+12,62428.17,62428.23,62428.17,62428.23,0.16108,03-11-2021 16:21:29
1.64E+12,62428.23,62428.23,62428.22,62428.22,0.06589,03-11-2021 16:21:30
1.64E+12,62428.22,62430.58,62428.22,62430.58,0.1971,03-11-2021 16:21:31
1.64E+12,62430.58,62431.9,62430.57,62431.9,0.15984,03-11-2021 16:21:32
1.64E+12,62430.19,62430.19,62428.23,62428.23,0.2916,03-11-2021 16:21:33
1.64E+12,62428.23,62431.21,62428.23,62431.21,0.07851,03-11-2021 16:21:34
1.64E+12,62431.2,62431.2,62431.2,62431.2,0.01266,03-11-2021 16:21:35
1.64E+12,62431.24,62431.25,62431.24,62431.25,0.02137,03-11-2021 16:21:36
1.64E+12,62431.44,62445.78,62431.43,62431.44,1.86065,03-11-2021 16:21:37
1.64E+12,62431.44,62431.45,62431.44,62431.44,0.40275,03-11-2021 16:21:38
1.64E+12,62431.45,62431.45,62431.44,62431.44,0.04198,03-11-2021 16:21:39
1.64E+12,62431.45,62431.45,62431.44,62431.45,0.01726,03-11-2021 16:21:40
1.64E+12,62431.45,62438.95,62431.44,62432.7,0.727,03-11-2021 16:21:41
1.64E+12,62432.71,62436.67,62432.7,62436.67,0.10898,03-11-2021 16:21:42
1.64E+12,62436.68,62438.79,62436.67,62438.79,0.15016,03-11-2021 16:21:43
1.64E+12,62438.78,62438.79,62437.52,62438.79,0.39444,03-11-2021 16:21:44
1.64E+12,62438.79,62442.17,62436.68,62440.59,0.08771,03-11-2021 16:21:45
1.64E+12,62439.91,62439.91,62439.91,62439.91,0.0102,03-11-2021 16:21:46
1.64E+12,62439.91,62439.95,62439.91,62439.95,0.01834,03-11-2021 16:21:47
1.64E+12,62439.94,62439.94,62438.79,62438.79,0.1388,03-11-2021 16:21:48
1.64E+12,62438.79,62438.8,62438.79,62438.8,0.13129,03-11-2021 16:21:49
1.64E+12,62438.8,62438.8,62434.89,62438.71,0.04589,03-11-2021 16:21:50
1.64E+12,62438.71,62438.71,62437.53,62437.67,0.07631,03-11-2021 16:21:51
1.64E+12,62438.71,62438.71,62438.7,62438.71,0.06275,03-11-2021 16:21:52
1.64E+12,62438.71,62438.71,62433.17,62433.17,0.13546,03-11-2021 16:21:53
1.64E+12,62436.3,62438.8,62436.3,62436.31,0.24906,03-11-2021 16:21:54
1.64E+12,62433.62,62433.62,62433.62,62433.62,0.00227,03-11-2021 16:21:55
1.64E+12,62433.62,62436,62433.61,62436,0.04509,03-11-2021 16:21:56
1.64E+12,62436,62438.42,62436,62438.42,0.22387,03-11-2021 16:21:57
1.64E+12,62438.42,62438.42,62432,62432,0.09671,03-11-2021 16:21:58
1.64E+12,62431.99,62432,62431.99,62432,0.03984,03-11-2021 16:21:59
1.64E+12,62431.99,62439.27,62431.99,62435.12,0.18108,03-11-2021 16:22:00
1.64E+12,62433.76,62438.33,62433.76,62438.33,0.30819,03-11-2021 16:22:01
1.64E+12,62438.33,62438.33,62435.49,62435.49,0.08837,03-11-2021 16:22:02
1.64E+12,62435.5,62435.5,62432,62435.49,0.45643,03-11-2021 16:22:03
1.64E+12,62435.5,62439.48,62435.5,62435.62,0.22115,03-11-2021 16:22:04
1.64E+12,62435.63,62435.63,62424.11,62425.94,1.69806,03-11-2021 16:22:05
1.64E+12,62427.23,62430.17,62427.23,62430.16,0.20105,03-11-2021 16:22:06
1.64E+12,62430.17,62431.1,62430.16,62431.09,0.06676,03-11-2021 16:22:07
1.64E+12,62431.09,62431.1,62431.09,62431.09,0.02055,03-11-2021 16:22:08
1.64E+12,62431.09,62431.1,62431.09,62431.09,0.25345,03-11-2021 16:22:09
1.64E+12,62431.1,62431.1,62431.09,62431.09,0.08649,03-11-2021 16:22:10
1.64E+12,62431.1,62431.1,62431.09,62431.09,0.04555,03-11-2021 16:22:11
1.64E+12,62431.1,62431.1,62431.05,62431.06,0.04685,03-11-2021 16:22:12
1.64E+12,62431.05,62431.06,62431.05,62431.06,0.05396,03-11-2021 16:22:13
1.64E+12,62429.18,62431.06,62428.22,62431.05,0.24975,03-11-2021 16:22:14
1.64E+12,62431.06,62431.06,62428.22,62428.23,0.42997,03-11-2021 16:22:15
1.64E+12,62428.23,62428.23,62428.22,62428.23,0.26485,03-11-2021 16:22:16
1.64E+12,62428.22,62428.23,62428.2,62428.22,0.55254,03-11-2021 16:22:17
1.64E+12,62428.21,62428.21,62406.84,62410.44,5.68389,03-11-2021 16:22:18
1.64E+12,62410.44,62410.45,62410.44,62410.45,0.03959,03-11-2021 16:22:19
1.64E+12,62410.44,62410.45,62409.51,62409.52,0.37631,03-11-2021 16:22:20
1.64E+12,62409.51,62409.52,62409.51,62409.52,0.03805,03-11-2021 16:22:21
1.64E+12,62409.52,62409.52,62409.51,62409.51,0.04252,03-11-2021 16:22:22
1.64E+12,62409.52,62415,62409.51,62414.99,0.33641,03-11-2021 16:22:23
1.64E+12,62410.45,62410.45,62410.44,62410.45,0.17683,03-11-2021 16:22:24
1.64E+12,62410.44,62410.45,62410.44,62410.44,0.0867,03-11-2021 16:22:25
1.64E+12,62410.44,62410.45,62410.44,62410.45,0.23414,03-11-2021 16:22:26
1.64E+12,62410.45,62410.45,62410.44,62410.45,0.03405,03-11-2021 16:22:27
1.64E+12,62410.44,62410.44,62400.59,62404.02,0.6128,03-11-2021 16:22:28
1.64E+12,62404.03,62410,62404.02,62409.99,0.20811,03-11-2021 16:22:29
1.64E+12,62410,62410,62409.99,62410,0.20157,03-11-2021 16:22:30
1.64E+12,62410,62410,62409.99,62410,0.07264,03-11-2021 16:22:31
1.64E+12,62410,62410,62404.03,62409.99,0.64826,03-11-2021 16:22:32
1.64E+12,62410,62410,62409.95,62409.96,0.23587,03-11-2021 16:22:33
1.64E+12,62409.96,62409.96,62409.95,62409.95,0.15231,03-11-2021 16:22:34
1.64E+12,62409.96,62409.96,62404.03,62404.52,0.55895,03-11-2021 16:22:35
1.64E+12,62404.51,62407.43,62400,62407.42,0.67557,03-11-2021 16:22:36
1.64E+12,62407.42,62407.43,62400.01,62407.42,0.66211,03-11-2021 16:22:37
1.64E+12,62407.43,62407.43,62407.42,62407.42,0.11753,03-11-2021 16:22:38
1.64E+12,62407.42,62407.43,62407.42,62407.43,0.22873,03-11-2021 16:22:39
1.64E+12,62407.43,62407.43,62404.32,62406.53,0.27586,03-11-2021 16:22:40
1.64E+12,62406.53,62406.53,62400.61,62400.62,0.54093,03-11-2021 16:22:41
1.64E+12,62403.31,62404.98,62403.31,62404.97,0.11919,03-11-2021 16:22:42
1.64E+12,62404.97,62404.98,62404.97,62404.97,0.31679,03-11-2021 16:22:43
1.64E+12,62404.97,62404.98,62404.97,62404.97,0.07828,03-11-2021 16:22:44
1.64E+12,62404.98,62404.98,62404.95,62404.95,0.05973,03-11-2021 16:22:45
1.64E+12,62404.95,62404.96,62404.95,62404.96,0.06333,03-11-2021 16:22:46
1.64E+12,62404.95,62404.96,62404.95,62404.96,0.22856,03-11-2021 16:22:47
1.64E+12,62404.96,62404.96,62404.95,62404.96,0.19158,03-11-2021 16:22:48
1.64E+12,62404.95,62406.53,62404.95,62406.53,0.07418,03-11-2021 16:22:49
1.64E+12,62406.53,62407.41,62406.53,62407.41,0.00694,03-11-2021 16:22:50
1.64E+12,62407.42,62412.57,62407.42,62412.57,0.06849,03-11-2021 16:22:51
1.64E+12,62410.44,62410.44,62410.43,62410.43,0.04441,03-11-2021 16:22:52
1.64E+12,62410.43,62410.44,62410.43,62410.43,0.14347,03-11-2021 16:22:53
1.64E+12,62410.44,62410.44,62410.43,62410.44,0.02405,03-11-2021 16:22:54
1.64E+12,62410.43,62410.43,62410.43,62410.43,0.00512,03-11-2021 16:22:55
1.64E+12,62410.44,62414.7,62410.43,62410.44,0.27976,03-11-2021 16:22:56
1.64E+12,62410.44,62410.44,62410.43,62410.44,0.06464,03-11-2021 16:22:57
1.64E+12,62410.44,62410.44,62410.43,62410.43,0.12535,03-11-2021 16:22:58
1.64E+12,62410.44,62410.44,62407.42,62407.42,0.17764,03-11-2021 16:22:59
1.64E+12,62407.43,62416.66,62407.43,62411.99,0.71516,03-11-2021 16:23:00
1.64E+12,62412,62416.9,62412,62416.89,0.0779,03-11-2021 16:23:01
1.64E+12,62416.9,62416.9,62416.89,62416.9,0.07041,03-11-2021 16:23:02
1.64E+12,62416.89,62418.99,62416.89,62418.99,0.19665,03-11-2021 16:23:03
1.64E+12,62419,62431.04,62418.99,62431.04,1.51318,03-11-2021 16:23:04
1.64E+12,62431.05,62433.44,62420.03,62420.03,2.33132,03-11-2021 16:23:05
1.64E+12,62420.03,62423.24,62413.95,62420.03,0.82122,03-11-2021 16:23:06
1.64E+12,62418.47,62418.48,62416.55,62416.56,0.04853,03-11-2021 16:23:07
1.64E+12,62416.56,62433.44,62416.56,62426.04,3.51319,03-11-2021 16:23:08
1.64E+12,62426.04,62426.04,62421.39,62421.4,0.21204,03-11-2021 16:23:09
1.64E+12,62421.4,62421.4,62421.39,62421.39,0.10192,03-11-2021 16:23:10
1.64E+12,62421.39,62423.88,62421.39,62423.88,0.42156,03-11-2021 16:23:11
1.64E+12,62423.87,62423.88,62423.87,62423.87,0.14224,03-11-2021 16:23:12
1.64E+12,62423.87,62428.77,62423.87,62428.76,0.3319,03-11-2021 16:23:13
1.64E+12,62428.77,62428.77,62428.76,62428.77,0.19724,03-11-2021 16:23:14
1.64E+12,62428.76,62428.77,62428.76,62428.77,0.03134,03-11-2021 16:23:15
1.64E+12,62428.76,62428.77,62420.78,62427.21,0.49463,03-11-2021 16:23:16
1.64E+12,62427.22,62430.02,62427.22,62430.01,0.56021,03-11-2021 16:23:17
1.64E+12,62433.36,62433.36,62430.01,62431.08,0.78855,03-11-2021 16:23:18
1.64E+12,62431.08,62431.08,62431.07,62431.07,0.06228,03-11-2021 16:23:19
1.64E+12,62431.07,62431.07,62422.31,62430.21,0.25129,03-11-2021 16:23:20
1.64E+12,62428.94,62428.94,62428.93,62428.93,0.18643,03-11-2021 16:23:21
1.64E+12,62428.93,62428.93,62420.73,62421.93,0.3814,03-11-2021 16:23:22
1.64E+12,62421.93,62427.81,62421.93,62427.63,0.11862,03-11-2021 16:23:23
1.64E+12,62427.63,62427.63,62427.62,62427.62,0.05248,03-11-2021 16:23:24
1.64E+12,62427.63,62428.92,62427.63,62428.92,0.03217,03-11-2021 16:23:25
1.64E+12,62428.92,62428.93,62427.58,62427.58,0.37616,03-11-2021 16:23:26
1.64E+12,62421.38,62421.38,62418,62418.01,0.31182,03-11-2021 16:23:27
1.64E+12,62418.01,62418.01,62417.99,62417.99,0.64569,03-11-2021 16:23:28
1.64E+12,62417.08,62418.01,62417.08,62418.01,0.16488,03-11-2021 16:23:29
1.64E+12,62418.01,62421.09,62418.01,62420.42,0.05884,03-11-2021 16:23:30
1.64E+12,62420.42,62420.42,62420.42,62420.42,0.15097,03-11-2021 16:23:31
1.64E+12,62420.42,62421.4,62420.42,62421.4,0.10241,03-11-2021 16:23:32
1.64E+12,62421.4,62421.4,62421.39,62421.4,0.14972,03-11-2021 16:23:33
1.64E+12,62421.39,62425.3,62421.39,62425.29,0.43137,03-11-2021 16:23:34
1.64E+12,62425.29,62425.3,62407.43,62418.48,5.88187,03-11-2021 16:23:35
1.64E+12,62416.19,62421.14,62416.18,62420.58,0.37795,03-11-2021 16:23:36
1.64E+12,62421.13,62421.14,62421.13,62421.14,0.05939,03-11-2021 16:23:37
1.64E+12,62421.14,62421.14,62417.39,62417.39,0.24686,03-11-2021 16:23:38
1.64E+12,62417.39,62417.39,62417.16,62417.16,0.06338,03-11-2021 16:23:39
1.64E+12,62420.99,62421,62420.99,62421,0.01723,03-11-2021 16:23:40
1.64E+12,62421,62421,62420.99,62421,0.07926,03-11-2021 16:23:41
1.64E+12,62420.99,62425.28,62420.99,62425.27,0.11286,03-11-2021 16:23:42
1.64E+12,62425.27,62425.28,62425.27,62425.28,0.45485,03-11-2021 16:23:43
1.64E+12,62425.28,62428.95,62425.28,62428.94,0.19147,03-11-2021 16:23:44
1.64E+12,62428.94,62428.95,62428.94,62428.95,0.10614,03-11-2021 16:23:45
1.64E+12,62428.95,62428.95,62428.92,62428.93,0.19456,03-11-2021 16:23:46
1.64E+12,62428.92,62428.93,62425.52,62425.53,0.17283,03-11-2021 16:23:47
1.64E+12,62425.52,62428.93,62421.01,62425.93,0.35486,03-11-2021 16:23:48
1.64E+12,62421.28,62421.29,62421.28,62421.28,0.073,03-11-2021 16:23:49
1.64E+12,62421.28,62425,62421.28,62425,0.21818,03-11-2021 16:23:50
1.64E+12,62425,62426,62423.35,62423.35,0.04426,03-11-2021 16:23:51
1.64E+12,62425.46,62428.6,62425.46,62428.59,0.49329,03-11-2021 16:23:52
1.64E+12,62428.59,62428.6,62421.03,62426.95,0.52096,03-11-2021 16:23:53
1.64E+12,62426.94,62429.57,62426.94,62427.57,0.40538,03-11-2021 16:23:54
1.64E+12,62427.57,62427.58,62426.56,62426.56,0.15325,03-11-2021 16:23:55
1.64E+12,62426.55,62426.55,62425.46,62425.47,0.1113,03-11-2021 16:23:56
1.64E+12,62425.46,62425.47,62423.88,62423.88,0.1187,03-11-2021 16:23:57
1.64E+12,62423.88,62423.88,62423.87,62423.87,0.1446,03-11-2021 16:23:58
1.64E+12,62423.88,62423.88,62423.87,62423.87,0.16239,03-11-2021 16:23:59
1.64E+12,62423.88,62423.88,62420.17,62420.17,0.18946,03-11-2021 16:24:00
1.64E+12,62420.18,62420.18,62413,62413,0.37059,03-11-2021 16:24:01
1.64E+12,62413,62413,62410.88,62410.88,0.07302,03-11-2021 16:24:02
1.64E+12,62410.85,62410.85,62410.84,62410.85,0.08442,03-11-2021 16:24:03
1.64E+12,62410.84,62410.84,62409,62409,0.052,03-11-2021 16:24:04
1.64E+12,62409,62409,62404.97,62407.14,1.03264,03-11-2021 16:24:05
1.64E+12,62407.14,62407.15,62400.09,62400.1,0.5289,03-11-2021 16:24:06
1.64E+12,62400.1,62400.1,62384.65,62392.47,1.56021,03-11-2021 16:24:07
1.64E+12,62390.79,62390.79,62387.55,62389.58,0.44664,03-11-2021 16:24:08
1.64E+12,62389.58,62396.91,62389.58,62394.91,0.68263,03-11-2021 16:24:09
1.64E+12,62394.91,62397.45,62391.78,62394.37,0.63274,03-11-2021 16:24:10
1.64E+12,62395.02,62395.02,62390.34,62392.89,0.28325,03-11-2021 16:24:11
1.64E+12,62392.89,62392.9,62392.89,62392.89,0.10351,03-11-2021 16:24:12
1.64E+12,62392.89,62392.9,62392.89,62392.9,0.23065,03-11-2021 16:24:13
1.64E+12,62392.9,62392.9,62392.89,62392.89,0.16352,03-11-2021 16:24:14
1.64E+12,62392.89,62392.9,62392.89,62392.89,0.1722,03-11-2021 16:24:15
1.64E+12,62392.89,62392.9,62392.89,62392.89,0.21226,03-11-2021 16:24:16
1.64E+12,62392.89,62392.9,62392.89,62392.9,0.04215,03-11-2021 16:24:17
1.64E+12,62392.9,62397.81,62392.89,62397.81,0.16498,03-11-2021 16:24:18
1.64E+12,62397.81,62397.81,62397.8,62397.8,0.06586,03-11-2021 16:24:19
1.64E+12,62397.8,62413.01,62397.8,62413.01,0.71473,03-11-2021 16:24:20
1.64E+12,62413,62413.01,62411.43,62411.43,0.2551,03-11-2021 16:24:21
1.64E+12,62407.25,62413.18,62407.25,62412.34,0.51595,03-11-2021 16:24:22
1.64E+12,62412.34,62415.91,62412.33,62415.32,0.34449,03-11-2021 16:24:23
1.64E+12,62412.33,62412.33,62400.77,62406.19,0.64303,03-11-2021 16:24:24
1.64E+12,62406.19,62410,62406.19,62407.62,0.52161,03-11-2021 16:24:25
1.64E+12,62407.62,62407.62,62407.61,62407.62,0.06202,03-11-2021 16:24:26
1.64E+12,62407.61,62407.61,62406.2,62406.2,0.00939,03-11-2021 16:24:27
1.64E+12,62406.2,62406.2,62400,62400,0.78407,03-11-2021 16:24:28
1.64E+12,62400,62405.98,62400,62405.97,0.74226,03-11-2021 16:24:29
1.64E+12,62405.97,62405.97,62400,62400,0.60232,03-11-2021 16:24:30
1.64E+12,62400,62400.01,62400,62400.01,0.2144,03-11-2021 16:24:31
1.64E+12,62400.01,62400.01,62400,62400.01,0.01091,03-11-2021 16:24:32
1.64E+12,62400,62400.01,62400,62400.01,0.47329,03-11-2021 16:24:33
1.64E+12,62400.01,62400.01,62400.01,62400.01,0.00032,03-11-2021 16:24:34
1.64E+12,62400.01,62400.01,62400,62400.01,0.21897,03-11-2021 16:24:35
1.64E+12,62400,62404.65,62400,62404.65,0.15508,03-11-2021 16:24:36
1.64E+12,62404.65,62404.65,62404.64,62404.64,0.06497,03-11-2021 16:24:37
1.64E+12,62404.65,62404.65,62400.01,62400.02,0.34738,03-11-2021 16:24:38
1.64E+12,62400.01,62400.02,62400.01,62400.01,0.1632,03-11-2021 16:24:39
1.64E+12,62400.01,62400.02,62400.01,62400.02,0.4206,03-11-2021 16:24:40
1.64E+12,62400.01,62400.01,62400,62400.01,0.18929,03-11-2021 16:24:41
1.64E+12,62400.01,62400.01,62400,62400,0.30608,03-11-2021 16:24:42
1.64E+12,62400,62400.01,62400,62400.01,0.29629,03-11-2021 16:24:43
1.64E+12,62400.01,62400.01,62396.9,62396.9,0.18347,03-11-2021 16:24:44
1.64E+12,62394.83,62404,62394.83,62400,0.48882,03-11-2021 16:24:45
1.64E+12,62401.98,62401.99,62401.98,62401.98,0.17014,03-11-2021 16:24:46
1.64E+12,62401.98,62401.99,62384.22,62385.87,0.55733,03-11-2021 16:24:47
